Supplier_ID,Supplier_Name,Supplier_Category,City,Province,Lead_Time_Days,Minimum_Order_Value,MOQ,On_Time_Delivery_Rate,Quality_Rate,Payment_Term_Days,Supplier_Status
SUP001,PT Sinar Kemasindo,Household,Jakarta,DKI Jakarta,22,71842000,2000,0.921,0.929,60,ACTIVE
SUP002,CV Dwi Makmur Jaya,Food & Beverage,Bandung,Jawa Barat,7,56530200,3000,0.809,0.964,45,ACTIVE
SUP003,PT Nusantara Personal Care,Personal Care,Surabaya,Jawa Timur,18,119048500,3000,0.962,0.983,45,ACTIVE
SUP004,PT Agro Pangan Sejahtera,Food & Beverage,Semarang,Jawa Tengah,5,199144600,5000,0.84,0.971,14,ACTIVE
SUP005,PT Kimia Konsumen Indo,Personal Care,Tangerang,Banten,25,20896800,500,0.887,0.94,60,ACTIVE
SUP006,CV Berkah Distribusi,Household,Jakarta,DKI Jakarta,10,39257300,2000,0.875,0.976,14,ACTIVE
SUP007,PT Mitra Kemasan Plastik,Household,Cikarang,Jawa Barat,30,52227500,2000,0.99,0.948,30,ACTIVE
SUP008,PT Sumber Rasa Nusantara,Food & Beverage,Surabaya,Jawa Timur,6,65421800,3000,0.979,0.957,30,ACTIVE
SUP009,PT Wangi Sentosa,Personal Care,Bogor,Jawa Barat,14,117428700,3000,0.952,0.976,60,ACTIVE
SUP010,CV Cipta Boga Lestari,Food & Beverage,Medan,Sumatera Utara,9,62991700,3000,0.915,0.986,14,PROBATION
SUP011,PT Global Household Supply,Household,Jakarta,DKI Jakarta,35,76843700,2000,0.92,0.979,45,ACTIVE
SUP012,PT Segar Alam Indonesia,Food & Beverage,Malang,Jawa Timur,4,35052000,1000,0.855,0.952,14,ACTIVE
