SKU_ID,Warehouse_ID,Current_Stock,Reserved_Stock,Available_Stock,On_Order_Qty,Inventory_Value,Last_Inbound_Date,Last_Outbound_Date,Days_Since_Last_Outbound,Demand_STD_90D
SKU001,WH01,218,8,210,323,6921500.0,2025-09-22,2025-09-30,0,19.49
SKU001,WH02,0,0,0,446,0.0,2025-09-09,2025-09-28,2,12.54
SKU002,WH01,0,0,0,969,0.0,2025-09-21,2025-09-30,0,18.9
SKU002,WH02,7,0,7,545,148050.0,2025-09-22,2025-09-30,0,11.3
SKU003,WH01,0,0,0,1261,0.0,2025-05-22,2025-05-30,123,37.05
SKU003,WH02,455,20,435,480,6574750.0,2025-09-28,2025-09-30,0,22.33
SKU004,WH01,0,0,0,90,0.0,2024-06-04,2025-04-02,181,0.75
SKU004,WH02,67,2,65,0,1745350.0,2024-11-14,2025-09-30,0,0.52
SKU005,WH01,147,5,142,0,1962450.0,2025-08-28,2025-09-30,0,3.15
SKU005,WH02,157,7,150,0,2095950.0,2025-08-14,2025-09-30,0,2.02
SKU006,WH01,117,8,109,424,6312150.0,2025-09-07,2025-09-30,0,3.89
SKU006,WH02,285,5,280,0,15375750.0,2025-09-22,2025-09-30,0,2.23
SKU007,WH01,0,0,0,404,0.0,2025-09-21,2025-09-29,1,13.72
SKU007,WH02,132,4,128,249,4514400.0,2025-09-27,2025-09-30,0,8.25
SKU008,WH01,217,4,213,0,6065150.0,2025-08-17,2025-09-30,0,4.95
SKU008,WH02,336,9,327,0,9391200.0,2025-08-18,2025-09-30,0,2.8
SKU009,WH01,335,25,310,891,1574500.0,2025-09-17,2025-09-30,0,18.53
SKU009,WH02,185,5,180,474,869500.0,2025-09-16,2025-09-30,0,11.41
SKU010,WH01,191,11,180,0,2702650.0,2025-09-27,2025-09-30,0,2.86
SKU010,WH02,238,0,238,0,3367700.0,2025-09-29,2025-09-30,0,1.92
SKU011,WH01,228,5,223,0,4913400.0,2025-09-28,2025-09-30,0,2.12
SKU011,WH02,0,0,0,255,0.0,2025-07-18,2025-09-13,17,1.34
SKU012,WH01,171,6,165,886,5027400.0,2025-09-25,2025-09-30,0,18.09
SKU012,WH02,337,23,314,588,9907800.0,2025-09-24,2025-09-30,0,11.08
SKU013,WH01,1952,67,1885,3750,59926400.0,2025-09-12,2025-09-30,0,41.56
SKU013,WH02,1217,60,1157,2423,37361900.0,2025-09-19,2025-09-30,0,24.23
SKU014,WH01,202,9,193,0,5706500.0,2025-09-24,2025-09-30,0,3.64
SKU014,WH02,0,0,0,198,0.0,2025-01-28,2025-02-20,222,2.18
SKU015,WH01,788,41,747,1891,21354800.0,2025-09-20,2025-09-30,0,43.33
SKU015,WH02,0,0,0,1434,0.0,2025-09-09,2025-09-29,1,25.63
SKU016,WH01,86,1,85,942,748200.0,2025-08-22,2025-09-30,0,9.7
SKU016,WH02,375,2,373,0,3262500.0,2025-08-18,2025-09-30,0,6.92
SKU017,WH01,181,3,178,30,1339400.0,2025-09-30,2025-09-30,0,8.01
SKU017,WH02,0,0,0,169,0.0,2025-01-19,2025-01-27,246,4.81
SKU018,WH01,162,1,161,227,3272400.0,2025-09-27,2025-09-30,0,7.9
SKU018,WH02,100,2,98,84,2020000.0,2025-09-18,2025-09-30,0,4.85
SKU019,WH01,0,0,0,256,0.0,2025-05-27,2025-06-13,109,11.76
SKU019,WH02,512,14,498,0,13696000.0,2025-09-23,2025-09-30,0,8.49
SKU020,WH01,18,1,17,583,1005300.0,2025-07-31,2025-09-30,0,1.78
SKU020,WH02,369,28,341,0,20608650.0,2025-09-15,2025-09-30,0,1.08
SKU021,WH01,398,10,388,0,19024400.0,2025-09-27,2025-09-30,0,2.12
SKU021,WH02,213,4,209,0,10181400.0,2025-07-27,2025-09-30,0,1.49
SKU022,WH01,0,0,0,93,0.0,2024-01-01,2024-02-21,587,1.13
SKU022,WH02,187,8,179,0,2580600.0,2025-07-25,2025-09-30,0,0.75
SKU023,WH01,454,27,427,0,8444400.0,2025-09-23,2025-09-30,0,24.97
SKU023,WH02,671,33,638,0,12480600.0,2025-09-25,2025-09-30,0,15.46
SKU024,WH01,453,10,443,0,17463150.0,2025-05-09,2025-09-30,0,0.64
SKU024,WH02,397,28,369,0,15304350.0,2025-02-05,2025-09-30,0,0.41
SKU025,WH01,0,0,0,2245,0.0,2025-08-19,2025-09-26,4,13.45
SKU025,WH02,428,24,404,672,18489600.0,2025-09-06,2025-09-29,1,6.89
SKU026,WH01,202,10,192,0,1676600.0,2025-07-09,2025-09-30,0,1.13
SKU026,WH02,0,0,0,172,0.0,2023-10-29,2024-03-14,565,0.77
SKU027,WH01,345,20,325,792,12920250.0,2025-09-06,2025-09-30,0,16.46
SKU027,WH02,241,7,234,492,9025450.0,2025-09-10,2025-09-30,0,10.56
SKU028,WH01,0,0,0,293,0.0,2025-08-31,2025-09-29,1,2.34
SKU028,WH02,23,0,23,120,987850.0,2025-09-05,2025-09-30,0,1.3
SKU029,WH01,0,0,0,219,0.0,2025-07-22,2025-07-28,64,10.61
SKU029,WH02,8,0,8,212,243600.0,2025-09-27,2025-09-30,0,6.99
SKU030,WH01,269,16,253,0,6725000.0,2025-08-26,2025-09-30,0,1.16
SKU030,WH02,272,14,258,0,6800000.0,2025-08-09,2025-09-30,0,0.75
SKU031,WH01,100,5,95,0,2600000.0,2025-05-31,2025-09-30,0,1.69
SKU031,WH02,0,0,0,540,0.0,2025-02-03,2025-09-30,0,1.05
SKU032,WH01,178,1,177,312,2047000.0,2025-09-01,2025-09-30,0,4.06
SKU032,WH02,276,5,271,0,3174000.0,2025-09-20,2025-09-30,0,2.38
SKU033,WH01,0,0,0,175,0.0,2025-04-30,2025-05-07,146,9.68
SKU033,WH02,0,0,0,124,0.0,2025-09-27,2025-09-30,0,5.72
SKU034,WH01,788,16,772,268,47122400.0,2025-09-26,2025-09-30,0,10.3
SKU034,WH02,454,14,440,576,27149200.0,2025-09-16,2025-09-30,0,6.18
SKU035,WH01,21,1,20,410,180600.0,2025-09-24,2025-09-30,0,5.03
SKU035,WH02,9,0,9,296,77400.0,2025-09-12,2025-09-30,0,3.17
SKU036,WH01,263,11,252,0,7982050.0,2025-08-08,2025-09-30,0,1.04
SKU036,WH02,261,8,253,0,7921350.0,2025-07-09,2025-09-30,0,0.66
SKU037,WH01,0,0,0,875,0.0,2025-09-22,2025-09-29,1,29.88
SKU037,WH02,209,14,195,127,1024100.0,2025-09-29,2025-09-30,0,19.25
SKU038,WH01,0,0,0,270,0.0,2025-02-27,2025-03-11,203,9.04
SKU038,WH02,377,16,361,0,2940600.0,2025-09-20,2025-09-30,0,5.1
SKU039,WH01,620,19,601,1680,12307000.0,2025-09-04,2025-09-30,0,16.44
SKU039,WH02,369,20,349,1313,7324650.0,2025-09-10,2025-09-30,0,9.43
SKU040,WH01,0,0,0,412,0.0,2024-07-17,2024-08-22,404,6.32
SKU040,WH02,267,2,265,0,8717550.0,2025-07-06,2025-09-30,0,3.72
SKU041,WH01,639,2,637,2360,23291550.0,2025-09-19,2025-09-30,0,22.72
SKU041,WH02,0,0,0,1116,0.0,2025-09-06,2025-09-29,1,13.12
SKU042,WH01,38,0,38,463,438900.0,2025-09-17,2025-09-30,0,8.53
SKU042,WH02,45,3,42,339,519750.0,2025-09-17,2025-09-30,0,5.51
SKU043,WH01,169,3,166,145,3489850.0,2025-09-25,2025-09-30,0,7.6
SKU043,WH02,0,0,0,160,0.0,2025-07-31,2025-08-20,41,4.42
SKU044,WH01,86,3,83,132,498800.0,2025-09-13,2025-09-30,0,1.43
SKU044,WH02,52,3,49,84,301600.0,2025-09-14,2025-09-30,0,0.93
SKU045,WH01,938,34,904,0,38317300.0,2025-09-26,2025-09-30,0,23.17
SKU045,WH02,225,12,213,682,9191250.0,2025-09-18,2025-09-30,0,15.33
SKU046,WH01,86,6,80,0,2906800.0,2025-04-26,2025-09-30,0,0.71
SKU046,WH02,296,3,293,0,10004800.0,2025-07-18,2025-09-30,0,0.5
SKU047,WH01,84,1,83,0,1974000.0,2025-09-04,2025-09-30,0,2.39
SKU047,WH02,0,0,0,50,0.0,2023-10-23,2023-12-23,647,1.35
SKU048,WH01,0,0,0,68,0.0,2024-04-14,2024-05-07,511,5.43
SKU048,WH02,159,10,149,0,2512200.0,2025-09-21,2025-09-30,0,3.54
SKU049,WH01,528,39,489,0,3986400.0,2025-09-24,2025-09-30,0,9.62
SKU049,WH02,2,0,2,102,15100.0,2025-08-05,2025-09-30,0,5.61
SKU050,WH01,45,0,45,0,1068750.0,2025-09-10,2025-09-30,0,0.72
SKU050,WH02,36,1,35,0,855000.0,2025-08-25,2025-09-30,0,0.43
SKU051,WH01,47,1,46,0,2091500.0,2025-04-14,2025-09-30,0,0.63
SKU051,WH02,0,0,0,119,0.0,2024-07-31,2025-02-26,216,0.43
SKU052,WH01,0,0,0,458,0.0,2025-09-19,2025-09-26,4,12.57
SKU052,WH02,0,0,0,325,0.0,2025-09-16,2025-09-27,3,6.6
SKU053,WH01,0,0,0,396,0.0,2025-09-28,2025-09-30,0,20.56
SKU053,WH02,0,0,0,208,0.0,2025-07-14,2025-07-19,73,13.18
SKU054,WH01,690,27,663,678,28083000.0,2025-09-14,2025-09-30,0,10.45
SKU054,WH02,36,0,36,562,1465200.0,2025-08-15,2025-09-30,0,6.72
SKU055,WH01,0,0,0,171,0.0,2025-02-16,2025-05-15,138,1.5
SKU055,WH02,275,5,270,0,6325000.0,2025-06-23,2025-09-30,0,1.03
